{"MES": 0.06832615286420934, "MPOS": 0.00015956598053295037, "ESTR": 0.0006063507260252114, "MAP": 0.0012446146481570129, "DMP": 0.000861656294877932, "ESTB": 0.0010212222754108825, "DLQ": 0.0006382639221318015, "ETED": 0.0006063507260252114, "MAAS": 0.00015956598053295037, "EPMT": 0.0013722674325833731, "MPMT": 0.0018190521780756344, "MNBC": 0.0005106111377054412, "MKTDL": 9.573958831977022e-05, "MMIC": 0.0010850486676240625, "DES": 0.11546194351364289, "MSPG": 0.0010531354715174724, "MEPPD": 0.003829583532790809, "DPDC": 0.00031913196106590075, "DTCG": 0.0010212222754108825, "CPFT": 0.0013403542364767832, "CPFTD": 0.0003829583532790809, "MICB": 0.0007659167065581618, "DELI": 0.0005425243338120313, "CFCAB": 0.0029041008456996966, "MMTSO": 0.0036700175522578586, "DESBA": 0.0014999202170097336, "MFBV": 0.0011488750598372427, "DFBC": 0.005329503749800542, "CFDC": 0.0015637466092229136, "DDES": 0.03749800542524334, "EEO": 0.0027445348651667463, "ASA": 0.0007659167065581618, "RM": 0.0014041806286899633, "DSIG": 0.0009893090793042924, "MNCO": 0.00031913196106590075, "EEGAU": 0.0003829583532790809, "DESMO": 0.0036381043561512687, "CFCEI": 0.0009893090793042924, "DEFBC": 0.0019147917663954045, "DDEPS": 0.002999840434019467, "MIE": 0.012190840912717408, "MAJ3L": 0.0010212222754108825, "MIS": 0.0029041008456996966, "MTII": 0.0010850486676240625, "MSP": 0.00852082336045955, "DDOC": 0.026711345141215894, "MMT6S": 0.0014680070209031435, "MGM": 0.0014360938247965534, "DIFT": 0.019179830860060636, "CPCN": 0.003414711983405138, "DBIO": 0.0009254826870911121, "EFEv": 0.0014999202170097336, "DDPC": 0.0044997606510292, "MT": 0.005872028083612574, "MPDI": 0.0013084410403701931, "DCE": 0.0007659167065581618, "MIF": 0.0010212222754108825, "HRH": 0.0006063507260252114, "ES": 0.006382639221318015, "EISA": 0.0022339237274613052, "DEP": 0.00019147917663954044, "DDH": 0.0007340035104515717, "DHV": 0.0018509653741822243, "EDDIR": 0.00044678474549226106, "MI": 0.002936014041806287, "MMNI": 0.0009573958831977022, "MPGP": 0.0012446146481570129, "MAF": 0.0035742779639380885, "DGH": 0.0042125418860698895, "DPCC": 0.0014360938247965534, "MIGTR": 0.0005106111377054412, "DDC": 0.0009893090793042924, "MDC": 0.006669857986277326, "GCV1V": 0.0017871389819690442, "CTOMR": 0.0012127014520504228, "DGA": 0.003414711983405138, "DNA": 0.0010212222754108825, "MAEGP": 0.0018190521780756344, "EAMGC": 0.0013722674325833731, "MAFDR": 0.0007978299026647519, "DDCS": 0.00044678474549226106, "MGAF": 0.00015956598053295037, "MERE": 0.0028083612573799265, "GDIAUT": 0.0014999202170097336, "DGT": 0.004627413435455561, "MESR": 0.006797510770703686, "DESR": 0.010690920695707675, "CEDO": 0.010499441519068134, "TRSMD": 0.004659326631562151, "CEBA": 0.0031274932184458273, "FCEA": 0.0010531354715174724, "MSE": 0.0003829583532790809, "DCEC": 0.002648795276846976, "CDCSH": 0.000829743098771342, "EDTI": 0.004786979415988511, "CPMZ": 0.026551779160682944, "TFCTI": 0.0009573958831977022, "MHGRH": 0.0013403542364767832, "MHRH": 0.0001276527844263603, "ESF": 0.0011807882559438329, "CFCRN": 0.0041806286899633, "RMFCB": 3.191319610659008e-05, "DGNI": 0.002648795276846976, "DIDT": 0.004818892612095101, "CPH": 0.0012127014520504228, "DDAV": 0.006957076751236637, "EDA": 0.0019147917663954045, "MDAS": 0.000829743098771342, "DVAC": 0.0010531354715174724, "DEI": 0.0017552257858624541, "COR": 0.0011488750598372427, "DBME": 0.0006063507260252114, "CFCO": 0.0032870591989787776, "DORE": 0.000861656294877932, "PRMDR": 0.0002553055688527206, "DMIC": 0.0011169618637306526, "EGMC": 0.0006063507260252114, "NPVG": 0.0065102920057443755, "RMAJ": 0.002584968884633796, "RNPV": 0.001659486197542684, "DB": 0.00031913196106590075, "SP4ST": 0.0017871389819690442, "MSPR": 0.0011169618637306526, "DPAD": 0.00031913196106590075, "CNECS": 0.0031913196106590075, "NCAR": 0.0036700175522578586, "MAJ2S": 0.010531354715174725, "DDMI": 0.002170097335248125, "MDCG": 0.0016913993936492739, "DDNC": 0.00430828147438966, "CAEP": 0.003414711983405138, "MEPV": 0.0018828785702888144, "DPPG": 0.0007659167065581618, "DN": 0.0009573958831977022, "MANI": 0.0010531354715174724, "EEFA": 0.0032232328067655974, "DME": 0.002999840434019467, "EAIP": 0.0007978299026647519, "DPPM": 0.00414871549385671, "CA": 0.001723312589755864, "EDI": 0.0011488750598372427, "3JIDD": 0.0015318334131163235, "PRDIF": 0.0018509653741822243, "CRAC": 0.000861656294877932, "DPPCG": 0.002265836923567895, "DCG": 0.0007340035104515717, "DM": 0.0022339237274613052, "EIC": 0.0002872187649593107, "DDNR": 0.006574118397957555, "ESDN": 0.0003829583532790809, "PRMAP": 0.00015956598053295037, "RAPGD": 3.191319610659008e-05, "CFCI": 0.0016913993936492739, "DIE1P": 0.0013722674325833731, "DCEPR": 0.002074357746928355, "CDER": 0.0013722674325833731, "EDYGM": 0.001276527844263603, "DSP": 0.004563587043242381, "SABS4V": 0.0039572363172171695, "ESPF": 0.0017871389819690442, "MDMC": 0.0011488750598372427, "DHGV": 0.0015637466092229136, "MGEP": 0.0014041806286899633, "MET": 0.0018828785702888144, "RDGE": 3.191319610659008e-05, "EEA": 6.382639221318016e-05, "DSI": 0.0014360938247965534, "ENZA": 0.002042444550821765, "DMSP": 0.0014041806286899633, "CTIS": 0.0007020903143449816, "EPMI": 0.002042444550821765, "MSP4S": 0.002967927237912877, "MAH": 0.0027445348651667463, "MACG": 0.0008935694909845221, "DIS": 0.001276527844263603, "RGRNM": 6.382639221318016e-05, "ESG": 6.382639221318016e-05, "ESPD": 0.00044678474549226106, "DEC": 0.001659486197542684, "MECI": 0.0037657571405776287, "DAJ": 0.001659486197542684, "MPMG": 0.007691080261688208, "DPGJ": 0.0021062709430349448, "MCS": 0.0005744375299186214, "CDPEA": 0.0014999202170097336, "DDPT": 0.0010531354715174724, "DDE": 0.0062549864368916545, "MKTD": 0.0015956598053295037, "MAJ3S": 0.007180469123982767, "CJPS": 0.0004786979415988511, "RPPCG": 0.0007020903143449816, "DAF": 0.005648635710866443, "EEON": 0.0019786181586085847, "CFCQ": 0.003063666826232647, "GIRS": 0.002457316100207436, "DEEA": 0.0023296633157810754, "HTRD": 0.0011169618637306526, "EDTSV": 0.0007659167065581618, "MAJ": 0.004691239827668741, "EDDEC": 0.0013722674325833731, "FCTI": 0.0002553055688527206, "ESC": 0.0002553055688527206, "DDPP": 0.0027126216690601564, "MDCC": 0.003446625179511728, "DAFR": 0.0011807882559438329, "RDGH": 0.00019147917663954044, "DGP": 0.002074357746928355, "DERH": 0.005616722514759853, "REAIP": 9.573958831977022e-05, "CEREP": 0.000414871549385671, "DFDE": 0.0017871389819690442, "FCAFT": 0.0016913993936492739, "DD": 0.0010212222754108825, "CFCTDAH": 0.00019147917663954044, "MSSR": 0.00015956598053295037, "DCER": 0.00044678474549226106, "EDDI": 0.0015956598053295037, "MAJR": 0.002074357746928355, "ACGR": 0.0011169618637306526, "ETG": 0.0006063507260252114, "MIC": 0.0007340035104515717, "DAPH": 0.0024892292963140258, "DESM": 0.0013084410403701931, "EFGPD": 0.0005744375299186214, "ESPT": 0.0001276527844263603, "DESMU": 0.0018828785702888144, "MSPMG": 0.003063666826232647, "PRDD": 3.191319610659008e-05, "RDD": 0.00015956598053295037, "PSDS1MG": 0.0013084410403701931, "MDCPC": 0.0027445348651667463, "DPB": 0.0018509653741822243, "MTSOC": 0.0006063507260252114, "MTSOL": 0.000414871549385671, "CNA": 0.000861656294877932, "CNAS": 0.0001276527844263603, "DEDGP": 0.00019147917663954044, "DIM": 0.0013722674325833731, "EEMQ": 0.0010212222754108825, "DAPFT": 0.00031913196106590075, "SADS": 0.00022339237274613053, "DAIS": 0.0014360938247965534, "RDMIC": 3.191319610659008e-05, "DCMC": 0.0007659167065581618, "CFET": 0.0023615765118876657, "DGC": 0.00411680229775012, "DCRJ": 0.0031274932184458273, "MIH": 0.00031913196106590075, "MIHP": 0.0014680070209031435, "EGIMC": 0.0017552257858624541, "MPA": 0.0008935694909845221, "EDAH": 0.0015956598053295037, "MMAH": 0.001276527844263603, "MAHR": 0.0011807882559438329, "RDAIS": 0.0003829583532790809, "ERH": 3.191319610659008e-05, "DGASO4MG": 0.0015637466092229136, "EMI": 0.00015956598053295037, "ECG": 6.382639221318016e-05, "ESU": 0.002553055688527206,